quote,name,text
It's a shame that my hands aren't my feet.,Katherine Parkinson,
I guess the problem is that time only has two hands.,Charlotte Richie,
"He's sitting under a tree, thinking of tasks and shit.",Jamali Maddix,
What else goes on a head?,Sarah Kendall,
"Ah, you fucking zebra!",Sarah Kendall,
Stop doing the thing I know you're doing!,Desiree Burch,
"Oh come on, twenty seconds to give a man a soul?",Alan Davies,
"Do you stop when it's finished, or when you've had enough?",Alan Davies,
You stay or I'll smash you to pieces.,Bridget Christie,
"Just imagine if you don't do this, someone will take my cats.",Bridget Christie,
It's floating like two dicks.,Judi Love,
Is balloon juice a thing?,Chris Ramsey,
Lotta pie.,Roisin Conaty,
"If I had my chance again, I would have blown on his lips.",Tim Key,
I'm not an egg man.,Doc Brown,
"The bastard's cryin', innit?",Paul Chowdry,
"Camouflage, camouflage, camouflage.",Lolly Adefope,
"Not enough to sting, just enough to make you think.",Tim Vine,
Will you catch my potato?,Liza Tarbuck,
H. Urinating. Piss.,Asim Chaudhry,
I can't be fucked to plug it in.,Kerry Godliman,
How much does water weigh?,Jessica Knappet,
A LIME!,Phil Wang,
"Puppets, sexy, that's me.",Iain Sterling,
I don't think this is proper cowboy rope.,Ed Gamble,
I've panicked and opened a lemon up.,Ed Gamble,
There's probably a way to get a sofa through a doughnut.,Krishnan Guru-Murthy,
"It's bamboo o'clock, tick tock.",Mike Wozniak,
You suck on that and think about things.,Desiree Burch,
"I'm gonna do your nipples first, then your face.",Sophie Duker,
Just eat your fucking worm!,Bridget Christie,
I think I had pandas in my cooch when I climbed that tree.,Sophie Duker,
Papa don’t breach.,Roisin Conaty,
That potato would have been all rim and bounced out.,Doc Brown,
Real gangsters run red lights. You know what I’m saying?,Katherine Ryan,
I’m not going to hoover it off the table like some egg-hungry whore.,Jon Richardson,
The movement of our potato was crazy smooth.,Doc Brown,
There’s strength in arches.,Joe Wilkinson,
"Bastard’s crying, innit?",Paul Chaudry,
"Oh, gang.",Mel Giedroyc,
Friendship is truth.,Lolly Adefope,
"And then he just stood there, pissing water into a bath while Rome burned.",Greg Davies,
You bubbly fuck!,Nish Kumar,
"Looks like last in PE, first in being a legend!",Nish Kumar,
Have you ever seen or eaten a wind-dried puffin?,Bob Mortimer,
Do we strike you?,Bob Mortimer,
Rosalind’s a fucking nightmare!,"Aisling Bea, Bob Mortimer, Sally Philips",
I’m a sinner! I have sinned!,Bob Mortimer,
Tippety-tapping around like a bloody water boatman.,Liza Tarbuck,
"It doesn't matter, sometimes, how ornate the grandfather clock is, the pendulum draws the eye.",Greg Davies,
"Just open the box, you pussy!",James Acaster,
What happens when you wear long opera gloves and a feather boa to the senior school disco? You do not get fingered.,Jessica Knappett,
"That’s the water feature closed for today, kids.",Rhod Gilbert,
The popping candy was lovely but there was a lot of burnt porn.,Alex Horne,
Hammering away like an aquatic sewing machine.,Greg Davies,
"It stands for ‘bicycle, my excellent bicycle.’",Joe Thomas,
Am I the spider?,Katherine Parkinson,
I’m sat here between sexy and brainy side and then it’s all chump in the middle.,Nicola Coughlan,
"Aaah, you fucking zebra!",Sarah Kendall,
I’m tempted to say trust my instincts. But my instincts are telling me to squeak like a bat.,Mike Wozniak,
You’ve got no chutzpah!,Mike Wozniak,
"Oh, it’s an absolute casserole down there.",Mike Wozniak,
Stop doing the thing I know you’re doing!,Desiree Birch,
Do you stop when you’ve finished or when you’ve had enough?,Alan Davies,
You know I've just eaten two Creme Eggs and I'm not really up for this.,Alan Davies,
"Bicycle, My Excellent Bicycle",Joe Thomas,
Have I met these potatoes before?,Fern Brady,
"I cannae, they're COVERED in potatoes!",Fern Brady,
The obvious thing to me was to let the bird fly.,Fern Brady,
Ohh noo!,Fern Brady,
Dafty in the middle.,Fern Brady,
Aren't you from Shrewsbury or something?,Fern Brady,
I'm the Rightful Queen.,Fern Brady,
Melon buffet,Roisin Conaty,"A ""melon buffet"" was what Roisin Conaty said she expected to find upon walking into the lab to complete the Eat as much watermelon as possible task.
"
The pie whisperer,Greg Davies,"""Some kind of pie whisperer"" was how Greg Davies characterised Frank Skinner during the Identify the contents of these pies task.
"
The poet and the egg,Greg Davies,"""The poet and the egg"" was how Greg Davies introduced Tim Key's attempt at the Get this egg as high as possible task.
"
Down an octave,Roisin Conaty,"""Down an octave"" was Roisin Conaty's response to Josh Widdicombe's high-pitched reaction to  her receiving assistance from Alex during the Make this ice block disappear as fast as possible task.
"
Little denim shorts,Tim Key,"""Little denim shorts"" was one of the things that Tim Key asked Fred the Swede to say in his native tongue during the Make this Swedish person blush task.
"
Fear of failure,Fred the Swede,"""Fear of failure"" was what Fred the Swede disclosed to be his greatest fear, during the Find out the following information from this Swedish person task.
"
Pork is a sausage,Doc Brown,"""Pork is a sausage"" was a statement made by a pizza restaurant worker to an exasperated Doc Brown during the Order the following pizza for the Taskmaster task.
"
A pistachio eclair,Jon Richardson,"""A pistachio éclair"" was what Jon Richardson revealed to be the subject of a photo that he was trying to impress the Mayor of Chesham with, during the Impress this mayor task.
"
Welcome to Rico Face,Jon Richardson,"""Welcome to Rico Face"" is how Jon Richardson introduced the make-up tutorial video he created in response to Katherine Ryan's task, during the Set a fun task task.
"
There's strength in arches,Joe Wilkinson,"""There’s strength in arches"" was an exclamation made by Joe Wilkinson during the Make a bridge over the river using only items on this table task.
"
A pea in a haystack,Paul Chowdhry,"""Like finding a pea in a haystack"" was how Paul Chowdhry characterised the challenge of finding a pea on the lawn during the Propel this pea the furthest distance task.
"
The dong and the gong,Alex Horne,"""The dong and the gong"" was how Alex Horne described Al Murray's attempt at the Surprise Alex when he emerges from the shed task.
"
Little polythene grief cave,Greg Davies,"""Little polythene grief cave"" was how Greg Davies described the improvised sweat lodge constructed by Dave Gorman during the Fill this egg cup with your own sweat task.
"
A very nuanced character,Greg Davies,"""A very nuanced character"" was how Greg Davies described Rob Beckett's character during the Make the most special effect task.
"
The F.I.P,Alex Horne,"""The F.I.P."" was an initialism coined by Alex Horne for ""Farty Ice Pop"", a nickname given to Rob Beckett by Greg Davies during the Move the water from bucket A to bucket B task.
"
A fat bald white man,Greg Davies,"""A fat bald white man"" was how Greg Davies described Hugh Dennis portrait of a black woman, during the Create the best caricature of the person on the other side of the curtain task.
"
Look at me,Greg Davies,"""Look at me!"" was something Greg Davies barked at the contestants during the Attach as many balloons together as possible task.
"
Hollowing out a baguette,Hugh Dennis,"""Hollowing out a baguette"" was something that Hugh Dennis narrated himself as doing, during the Transfer the water from fishbowl A to fishbowl B task.
"
Friendship is truth,Lolly Adefope,"""Friendship is truth"" was a statement made by Lolly Adefope during the Choreograph a dance for you and Alex to perform to any of the following ringtones task.
"
Meat,Greg Davies,"""Meat"" was what Greg Davies suggested that his and Alex's fictional company exported, as they roleplayed what people's reactions might be to the contestants' attempts at the Throw something into something task.
"
Spatchcock it,Greg Davies,"""Spatchcock it!"" was an exclamation by Greg Davies, in response to Hugh Dennis' attempt at the Get this camel through the smallest gap task.
"
No stars for naughty boys,Greg Davies,"""No stars for naughty boys"" was how Greg Davies declined Alex Horne's request for a star, after the Get this wheelie bin across the finish line task.
"
Tony Three Pies,Noel Fielding,"""Tony Three Pies"" was the nickname devised for Noel Fielding by Greg Davies, after Noel's success in the Strike one of these objects the furthest distance with one of the other objects task.
"
Dignity intact,Aisling Bea,"""Dignity intact"" is something that Aisling Bea uttered, while stood on a dock in her underpants, at the end of the Get Alex onto dry land as elegantly as possible task.
"
The leprechaun or the lesbian,Alex Horne,"""The leprechaun or the lesbian"" was something Alex Horne said, when asking Greg to choose the winner of the Paint the best rainbow scene task.
"
Phoenix,Alex Horne,"""Phoenix"" was a word uttered by Alex Horne during the Play table tennis with words task.
"
Residue around the hoof,Bob Mortimer,"""Residue around the hoof"" was a phrase used by Bob Mortimer, when describing how long it takes to make Marmite from a cow, after his attempt at the Make marmite task.
"
A wind-dried puffin,Bob Mortimer,"""A wind-dried puffin"" was a phrase uttered by Bob Mortimer as part of a question to the Finnish people on stage during the Find the Finns task.
"
Spoony Neeson,Aisling Bea,"""Spoony Neeson"" was a character created by Aisling Bea for her attempt at the With this camera strapped to your head, record the most incredible footage task.
"
Boing boing,Sally Phillips,"""Boing boing"" was a phrase uttered several times in a French accent by Sally Phillips during the Make a funny little flick-book film task.
"
Their water's so delicious,Bob Mortimer,"""Their water’s so delicious"" was something that Bob Mortimer said about the urine of a certain Scottish population during the Create the best graph task.
"
The old soft curved padlock,Greg Davies,"""The old soft curved padlock"" was how Greg Davies responded to Alice Levine mistaking a banana for a padlock in the Sort the objects under the table in order of size task.
"
Tarpeters,Liza Tarbuck,"""Tarpeters"" was an item that Liza Tarbuck thought might be useful during the Keep Alex dry task.
"
One warm prawn,Asim Chaudhry,"""One warm prawn"" was a phrase used by Asim Chaudhry during the Work out the flavours of these baby foods task.
"
BMXing!,Liza Tarbuck,"""BMXing!"" was an exclamation by Liza Tarbuck while she rode a BMX during the Have the most fun task.
"
H,Asim Chaudhry,"""H"" was a letter uttered an incredible number of times by Asim Chaudhry as he failed to help his team solve the Find the link then do it exactly 100 times task.
"
We met at mealtimes,Tim Vine,"""We met at mealtimes"" was Tim Vine's explanation of how well he knew the character ""Sarge"" from his performance in the Make the best parachute for this wooden spoon task.
"
Roadkill doused in syrup,Alice Levine,"""Roadkill doused in syrup"" was how Alice Levine described one of the objects in the box, in the Draw a picture of the contents of this box task.
"
What kind of pictures?,Liza Tarbuck,"""What kind of pictures?"" was how Liza Tarbuck responded to Alex's question about whether he'd be able to find any pictures of her wearing purple, in the Find out what you have in common with this person task.
"
The Bubble Brothers,Alex Horne,"""The Bubble Brothers"" was how Alex Horne referred to Asim Chaudhry and Tim Vine during the Make the biggest bubble and burst it with your nose task.
"
He was a different man,Liza Tarbuck,"""He was a different man"" was how Liza Tarbuck described Alex, post cake-sitting, in the Tell the Taskmaster you love him in the most meaningful way task.
"
The mean bean,Greg Davies,"Failure to take a ""mean bean measurement"" was what Greg Davies attributed Rhod Gilbert's inaccurate estimate to, in the Work out the circumference of the caravan in baked beans task.
"
My eyes are circles,James Acaster,"""My eyes are circles"" was uttered by James Acaster, in a desperate last attempt to save his attempt at the Draw the biggest and best circle task.
"
Twelve blush majesty two,Greg Davies,"""Twelve blush majesty two"" was part of Greg Davies' misinterpretation of Phil Wang's mouthed fact during the Write down a ten-word fact task.
"
Lotta soup,Phil Wang,"""Lotta soup"" was part of a punchline used by Phil Wang, in the Cheer up this former traffic warden task.
"
A coquettish fascinator,Greg Davies,"""A little coquettish fascinator"" was how Greg Davies described the silver bowl that Kerry Godliman had put on her portrait of him, during the Put exactly 50 different things in this bin task.
"
The perfect stuff,James Acaster,"""The perfect stuff"" was how James Acaster described the contents of the garage which Rhod Gilbert had shut, during the Make the best extension to the Taskmaster House task.
"
Mother honks her horn,Greg Davies,"""Mother honks her horn"" was a phrase used by Greg Davies to describe Phil Wang's trumpet playing during the Compose the best 30 second piece of music task.
"
The pendulum draws the eye,Greg Davies,"""The pendulum draws the eye"" was a phrased used by Greg Davies to describe Phil Wang's hypnotic crotch bulge in the Hula task.
"
I can hear it gooping,James Acaster,"""I can hear it gooping"" was an exclamation made by James Acaster during the Find the boiled egg task.
"
Hello,Paul Sinha,"""Hello"" was yelled into a baby monitor dozens of times by Paul Sinha, during the Find the receiver of this baby monitor task.
"
A novel about Russian Gulags,Greg Davies,"""A novel about Russian Gulags"" was where Greg Davies said he expected to hear comments like that made by Joe Thomas, at the end of his attempt at the Travel the furthest distance while making a constant noise with your mouth task.
"
Stuck in a mammal groove,Greg Davies,"""Stuck in a mammal groove"" was how Greg Davies described Joe Thomas' difficulties during the Work out what Alex Horne is wearing next door task.
"
The barrel dad,Greg Davies,"""The barrel dad"" was how Greg Davies described Paul Sinha's role during the Put the most weight in the hammock task.
"
Stay humble,Joe Thomas,"""Stay humble"" was Joe Thomas' advice for people handling birthday candles, during the Make the most realistic injury using food task.
"
Rock 'n' roll umlaut,Joe Thomas,"""Rock ‘n’ roll umlaut"" was a phrase used by Joe Thomas to describe his team's choice of band name character decoration, in the Design the most iconic album cover task.
"
This is Trevor,Sian Gibson,"""This is Trevor"" was how Sian Gibson introduced a stuffed toy guinea pig, in the Do the most powerful thing with your little finger task.
"
Aquatic sewing machine,Greg Davies,"""Aquatic sewing machine"" was a phrase used by Greg Davies to describe how a horny male dolphin might go at him, if he was to take Lou Sanders' prize in the Nicest thing to hold task.
"
I've been a bit ill,Joe Thomas,"""I’ve been a bit ill"" was Joe Thomas' excuse for walking so gingerly, in the Make yourselves look like one person task.
"
Clumpy swayey clumsy man,Greg Davies,"""Clumpy swayey clumsy man"" was how Greg Davies described Iain Stirling in the Make yourself some tremendous pretend legs task.
"
Join our cult,Katy Wix,"""Join our cult"" was something that Katy Wix and her four cult sisters urged Alex Horne to do during the Make the most dramatic entrance task.
"
Butter in the microwave,David Baddiel,"""Butter in the microwave"" was a phrase uttered by David Baddiel, when answering questions about his team's performance in the Say the word demeaning task.
"
Five miles per day,Alex Horne,"""Five miles per day"" was how fast Alex Horne said David Baddiel was travelling during the Build the most robust statue of the most delicate thing task.
"
Quisps,Ed Gamble,"""Quisps"" was what Ed Gamble claimed that David Baddiel would have called the Quavers, if he'd used them, in the Put the most things beginning with the letter you just said on this tray task.
"
Another spoon,Greg Davies,"""I'm gonna put another spoon on"" was how Greg Davies imagined David Baddiel's mind worked, during the Lasso Alex task.
"
Bready bready bready,Jo Brand,"""Bready bready bready"" was something Jo Brand said while defending her attempt at the Push a melon up the slide and into the caravan with these breadsticks task.
"
A cuddle,Alex Horne,"""We're gonna start this one with a cuddle"" was what Alex Horne said as he secretly attached a ring to the contestants' backs, during the Put the most gold rings on this drumstick task.
"
Shaqinahat,Alex Horne,"""Shaqinahat"" was the measurement used by Alex Horne for Rose Matafeo's attempt at the Throw something into this pedal bin from the furthest distance task.
"
Don't like them go bang,Greg Davies,"""Don’t like them go bang"" was how Greg Davies paraphrased something David Baddiel said during the Inflate, tie and pop as many balloons as possible in ten minutes task. What he actually said was ""I don't like popping balloons. I mean, bang them. Make them go bang.""
"
Think about the spirit,Greg Davies,"""Think about the spirit"" was part of something Greg Davies said during a discussion about rule-breaking by certain contestants in the Complete the seven tasks task.
"
God's haemorrhoid,Johnny Vegas,"""God’s haemorrhoid"" was how Johnny Vegas described the bunch of helium balloons he'd let fly up to the ceiling, in the Land the most egg in the frying pan task.
"
A documentary about a despot,Greg Davies,"""A documentary about a despot"" was where Greg Davies said he would expect to hear the phrase ""This is dehumanising!"", as uttered by Johnny Vegas during the Get all the exercise balls in the hoops task.""
"
Point of swivel,Johnny Vegas,"""Point of swivel"" was a phrase used by Johnny Vegas to justify his technique in the Catapult this shoe into the bath task.
"
Toshwash,Richard Herring,"""Toshwash"" was a word used by Richard the security guard to describe Richard Herring's argument in the Persuade the security guard to look in your bag task.
"
I hate your trainers,Mawaan Rizwan,"""I hate your trainers"" was an aggressive piece of criticism hurled at Mawaan Rizwan by Greg Davies, as Mawaan demonstrated his ability to deal with aggressive people, during the Do something out of character with this £20 task.
"
Hippopotamus,Daisy May Cooper,"'Hippopotamus' was never actually uttered during the episode, but is a reference to Daisy May Cooper's drawing of a hippo during the Draw the animal named on your card task.
"
Legit glass,Mawaan Rizwan,"""Legit glass"" was a phrase used by Mawaan Rizwan during the Make the best marble run task.
"
Moments of silence,Greg Davies,"""A couple of moments of silence"" were called for by Greg Davies after all of the contestants disappointed him in the Fill this cup so that it overfloweth task.
"
Air Horn Andy,Greg Davies,"""Air Horn Andy"" was how Greg Davies referred to Alex Horne during the Work out how many balls are in the basket task.
"
Dog meat trifle,Greg Davies,"""Dog meat trifle"" was what Greg Davies compared one of the team's performances to, in the Perform this song task.
"
It's not your fault,Mike Wozniak,"""It’s not your fault"" was something Mike Wozniak said to Alex Horne about the rain during the Deliver all the plates to Alex task.
"
The Lure of the Treacle Puppies,Greg Davies,"""The lure of the treacle-covered puppies"" was a phrase used by Greg Davies to summarise how Alex Horne had fallen pray to Mike Wozniak's haunted house in the Make the house haunted task.
"
Run up a tree to the moon,Greg Davies,"""Run up a tree to the moon"" was something that Greg Davies suggested that Charlotte Ritchie would be able to do, if she could ""run faster that gravity"", as she had attempted to do during the Make the sauna stones hiss task.
"
Premature conker,Mike Wozniak,"""Premature conker"" was one of the things that Mike Wozniak guessed he had found under the table in the Write down what five things are in the bowl under the table task.
"
Slap and tong,Greg Davies,"""Slap and tong"" was the phrase adopted by Greg Davies to initiate each round of the game played in the Grab the marshmallow with your tongs task.
"
Absolute casserole,Mike Wozniak,"""Absolute casserole"" was how Mike Wozniak described the state of his anus, having inadvertently squeezed out a haemorrhoid, during the Fart task.
"
You've got no chutzpah,Mike Wozniak,"""You’ve got no chutzpah"" was one of the things Mike Wozniak said in an effort to undermine a vole, during the Complete these tasks task.
"
An orderly species,Greg Davies,"""An orderly species"" was one of the ways that Greg Davies characterised the animal created by Mike Wozniak and Lee Mack during the Draw the best picture of a British animal task.
"
Mr Octopus and Pottyhands,Greg Davies,"""Mr Octopus and Pottyhands"" was how Greg Davies referred to two of the characters created by Charlotte Ritchie during the Look the most different in four photos taken by the camera task.
"
Activate Jamali,Sarah Kendall,"""Activate Jamali"" was a phrase used by Sarah Kendall to describe how she had decided to involve Jamali Maddix in the Direct your teammate into the red circle task.
"
An imbalance in the poppability,Guz Khan,"""An imbalance in the poppability"" was what Guz Khan blamed for his inability to Pop the balloon.
"
Oatmeal and death,Desiree Burch,"""Oatmeal and death"" was what Desiree Burch thought one of the doggy-bags contained, in the Work out the contents of these bags task.
"
The end of the franchise,Greg Davies,"""The end of the franchise"" was what Greg Davies thought would happen if Victoria Coren Mitchell's idea for a Bond movie were to be realised, in the Film the most thrilling 30 second sequence wearing the wellie cam task.
"
The customised inhaler,Victoria Coren Mitchell,"""The customised inhaler"" was a phrase used by Victoria Coren Mitchell to characterise the world from which the Solve the riddle task had been drawn.
"
Croissants is croissants,Alex Horne,"""Croissants is croissants"" was the rebuttal offered by Alex Horne to Guz Khan's claim that croissants were baked goods, and therefore counted as cake, in the Sit on a cake task.
"
A chair in a sweet,Victoria Coren Mitchell,"""A chair in a sweet"" was a phrase uttered by a baffled Victoria Coren Mitchell, as she tried to figure out what she needed to do in the Sit on the red chair in the secret tower task.
"
The integrity of the product,Victoria Coren Mitchell,"""The integrity of the product"" was the reason Victoria Coren Mitchell gave when asked why she was putting the snakes back into the can, in the Write and perform a 30 second jingle task.
"
A couple of Ethels,Guz Khan,"""A couple of Ethels"" were who Guz Khan thought might be haunting the church in the Make and wear a popcorn necklace task.
"
Nothing matters,Alex Horne,"""Nothing matters"" was Alex Horne's nihilistic response to Greg's question about whether it mattered that Alan Davies had brought in a packet of chicken legs, for the Get goosebumps task.
"
Caring Uncle Minpict,Victoria Coren Mitchell,"""Caring Uncle Minpict"" was the message that Victoria Coren Mitchell thought Alan Davies was trying to convey, in the Using your whole body to make individual characters, describe the Taskmaster task.
"
The noise that blue makes,Ardal O'Hanlon,"""The noise that blue makes"" was Ardal O'Hanlon's explanation for the strange sounds he was making, during the Create the best picture of the Taskmaster using only lipstick on your lips task.
"
Birdy hand finger,Bridget Christie,"""Birdy hand finger"" was what Bridget Christie decided she had  drawn, during the Identify the object under your table and draw it on the canvas on the underside of your table task.
"
I think I've got this,Judi Love,"""I think I've got this"" was uttered multiple times by Judi Love, during her attempt at the Make all these things happen at the same time task.
"
Shoe Who,Judi Love,"""Shoe Who"" was what Judi Love suggested might be the name of a shoe-based version of 'Guess Who', during the Display the shoe Alex is thinking of task.
"
Having a little chuckle,Ardal O'Hanlon,"""Having a little chuckle"" was what Ardal O'Hanlon said he was doing, after the Pop three red balls out of your hole task.
"
The 75th question,Alex Horne,"""This is the 75th question"" was an observation made by a frustrated Alex Horne, during the long-running Correctly guess this person's first name task.
"
Heg,Judi Love,"""Heg"" was what Judi Love claimed she had heard, after she apparently did not know who Greg Davies was, during the Deliver a cocktail to Greg task.
"
You tuper super,Judi Love,"""You tuper super"" was something Judi Love said to Fred the Swede, during the Learn Swedish task.
"
It might be wind,Ardal O'Hanlon,"""It might be wind"" was something that Ardal O'Hanlon said about his wind-operated owl, in the Get the most surprising thing delivered to the Taskmaster house task.
"
The House Queens,Judi Love,"""The House Queens"" was the musical group name coined by Judi Love, in the Record the best multi-track song about your team task.
"
"The chassis, the wings",John Kearns,"""The chassis, the wings"" was uttered by John Kearns while describing his finely-crafted toilet paper aeroplane, during the Land loo roll in the loo task.
"
Dafty in the middle,Fern Brady,"""Dafty in the middle"" was how Fern Brady referred to John Kearns, during the Put the most sand in the shopping trolley task.
"
Crumbs in my bralette,Sarah Millican,"""Crumbs in my bralette"" was one of the lyrics from Sarah Millican's song in the Write a classic song task.
"
Chip Biffington,Dara Ó Briain,"According to Dara Ó Briain, ""Chip Biffington"" was the name of the character played by the actor ""Biff Chippington"", in the 1980s American sitcom 'Scalpel Please!' created by his team during the Perform the best routine to this musical backing task.
"
Long-legged lobster,Greg Davies,"A ""long-legged lobster', is what Greg Davies likens Munya Chawawa's painted unicorn to, in the Paint a picture of a unicorn using your head brush task.
"
The system of endless plates,Fern Brady,"""The system of endless plates"" was a phrase used by Fern Brady to describe her team's strategy for transporting the feather in the Get this feather into the bath task.
"
The one that bats do,Fern Brady,"""The one that bats do"" was uttered by Fern Brady, as she described how she had wanted to use echo-location to solve the Pin an alluring tail on the alluring animal while blindfolded task.
"
A new business end,John Kearns,"""A new business end"" was a phrase used by John Kearns, in reference to his sausage, during the Paint a self-portrait using your brush or sausage task.
"
Did I meet these potatoes before?,Fern Brady,"""Did I meet these potatoes before?"" was a question posed by Fern Brady, during the Order three things for your final task task.
"
The curse of politeness,Ivo Graham,"Ivo Graham bemoans ""The curse of politeness"" during his attempt at the Put a neat ball of string on the cushion task.
"
Trapped in a loveless marriage,Frankie Boyle,"Frankie Boyle explains, during the Achieve the most impressive effect with a single breath task, that he's never really played golf, since he is not ""trapped in a loveless marriage"".
"
I love to squander promise,Ivo Graham,"Ivo Graham confessed that ""I love to squander promise"", during the Catch the potatoes in the potato hat task.
"
How heavy is the water?,Kiell Smith-Bynoe,"Kiell Smith-Bynoe asked ""How heavy is the water?"" during the Make the fastest egg boat task.
"
Old Honkfoot,Greg Davies,"Greg Davies refers to Jenny Eclair as ""Old Honkfoot"", during the Play the instrument indicated by the light task.
"
It's my milk now,Ivo Graham,"Ivo Graham told Alex Horne ""It's my milk now"", during the Bash the big bell with the bowling ball task.
"
Schrödinger's egg,Frankie Boyle,"Frankie Boyle asked the question ""So it's just a kind of blind Schrödinger's egg?"", during the Rotate the pulper wheel without pulping the egg task.
"
100% Bosco,Mae Martin,"Mae Martin used the phrase ""100% Bosco"" during the Repurpose this umbrella and demonstrate its new purpose task.
"
A show about pedantry,Frankie Boyle,"Frankie Boyle described Taskmaster as ""a show about pedantry"", during the Make these things the same colour as those things task.
"
A yardstick for failure,Ivo Graham,"Ivo Graham uttered the phrase ""Please stop using me as a yardstick for failure"", during the Fill the glass up to the line from the furthest distance task.
"
The natural friends,Greg Davies,"""The natural friends"" is what Greg Davies dubs the team of Julian Clary, Lucy Beaumont, and Sam Campbell, due to their particularly awkward and unenthusiastic initial meeting (which he sarcastically calls ""explosive chemistry"").
"
Hell is here,Susan Wokoma,"""Hell is here"" was uttered by Susan Wokoma, during her defence of her nails and wire portrait, in the Make a cheeky picture on wood using nails and one continuous piece of wire task.
"
Languidly,Julian Clary,"""Languidly"" is how Julian Clary describes how he approached the Get underneath the most unique things task.
"
Dynamite chicks,Sam Campbell,"Sam Campbell refers to Sue Perkins and Susan Wokoma as ""dynamite chicks"", while advocating for them to receive points for their effort during the Complete these tasks, then put the tubs back on your heads task.
"
Skateboard Division,Sam Campbell,"In the studio during the Make the most cool but scary gang using these eyes task, Sam Campbell quips that he is part of the ""Hells Angels, Skateboard Division"".
"
Brother Alex,Lucy Beaumont,"""Brother Alex"" is what Lucy Beaumont calls the character played by Alex Horne in her powerful production during the Present a piece called ""Heads, Shoulders, Knees and Toes"" task.
"
I'm off to find a robin,Julian Clary,"""I'm off to find a robin"" is uttered by Julian Clary at the end of the Put yourself somewhere within the boundary task, after Julian – who has been impersonating Alex Horne – remembers that Alex likes bird-watching.
"
Never packed a boot,Lucy Beaumont,"Lucy Beaumont mentions that she’s also ""never packed a boot"", after explaining to Greg during the Complete the fortune trail task that the reason she is so bad at coin-flipping is because there has always been a man around to do it.
"
Fagin at the disco,Sam Campbell,"During the Make Greg the best gift task, Sam Campbell – inspired by the sight of Greg in the coat Susan Wokoma had made for him – describes him as looking like “Fagin at a disco”. Fagin is the leader of the child thieves in the novel Oliver Twist, and is often portrayed in a long, ratty coat.
"
Always forks and marbles,Alex Horne,"During the Give your guest the best service task, Alex Horne (as the character ‘Qrs Tuvwxyz’) is chatting to Sue Perkins in the 'spa area' about the subject of his upcoming meeting, and states: ""It's forks and marbles, always forks and marbles"".
"
Grappling with my life,Sophie Willan,"Sophie Willan utters the phrase ""grappling with my life"" while describing how Alex had failed to help her when she was struggling in the river, during the Hoopla Gary before he crosses the finish line task.
"
Jumungo,Joanne McNally,"Joanne McNally guessed that ""Jumungo"" was the title of one of the films during the Guess the movie that your teammate is saying task (it was actually Jumanji).
"
Some impropriety?,Greg Davies,"Greg Davies removes his glasses and questions whether there may have been ""Some impropriety?"" during the Catch the most monsters in your boxes task, after Alex tells him that he need Greg to review some footage.
"
Apropos of Apoppo,Greg Davies,"Greg Davies utters the phrase ""Apropos of Apoppo"" after Sophie Willan’s attempt at the Work out who you are shaking hands with task, in which she suggests that the identify of the person she is shaking hands with might be ""Apoppo"", ""Apocalypse"", ""Apostrophe"", or ""Apropos"".
"
Snooker cue umbrella chin,Greg Davies,"Greg Davies uses the phrase ""Snooker cue umbrella chin"" when referring to Nick Mohammed’s attempt at the Be the most impressive load bearer task.
"
A three ring man,Greg Davies,"Greg Davies describes Nick Mohammed as ""a three-ring man"" at the start of the Completely cover your teammate in rubber rings task, suggesting that, based on Nick’s diminutive stature, Steve Pemberton will only need to land three of the inflatable rings on target to completely conceal him.
"
Dream date territory,Greg Davies,"Greg Davies says that ""we’re into dream-date territory"" while he’s judging the contestants’ creations, during the Paint a face on your ball task.""
"
The umbrella wink,Greg Davies,"Greg Davies tells Nick Mohammed that ""the umbrella wink"" is going to catch on, after the Put the watermelon on this table task, in which Nick winks directly at the camera almost every time that he says the word 'umbrella'.
"
Assistantbury,Steve Pemberton,"Steve Pemberton tells Alex Horne that he’ll see him at ""Assistantbury"", during the Create a new tradition to celebrate Assistant's Day task.
"
Ambience and information,Sophie Willan,"Sophie Willan explains to Greg Davies that her character of ""Cosmic Rhythm"" is providing ""Ambience and information"" during the Present the best new short-form shiny floor American gameshow task.
"
The faceless facilitators,Greg Davies,"Greg Davies claims that Alex Horne calls the members of the show’s production crew ""the faceless facilitators of his genius"", during studio discussion of Jack Dee’s attempt at the Do the most beautiful thing with bubbles task.
"
The gangsters of the sea,Greg Davies,"Greg Davies notes that Babatunde Aléshé had ""labelled the orcas the gangsters of the sea"" after Babatunde decided to refer to an orca as a ""killer whale"" because ""that sounds gangster"", during his attempt at the Put a rocket in your pocket task.
"
I'm a girl who likes a clean line,Emma Sidi,"Emma Sidi states that ""I’m a girl that likes a clean line"" during studio discussion of her attempt at the Pick the Taskmaster's locket from its pocket task.
"
Big stupid things,Emma Sidi,"Emma Sidi states that she just loves ""Big stupid things"", during studio discussion of her reaction to seeing Alex Horne dressed as a robot for the Direct the robot to its charging station task.
"
A dance as old as time itself,Andy Zaltzman,"Andy Zaltzman states that it’s ""A dance as old as time itself"", after Greg Davies says ""It's between a talking shit and a murderous pigeon"", while ruminating on the scores for the Create the most charismatic new children's television puppet sidekick for Alex task.
"
Captain Jackie and the hotdog,Rosie Jones,"Rosie Jones sings ""Captain Jackie and the hot dog"" during the Work out what is in the box task, in reference to her team’s appearance at that time.
"
The Nexus of Truth,Andy Zaltzman,"Andy Zaltzman repeatedly labels his own groin ""The Nexus of Truth"" during the Do these three things again and again and again in that same order task.
"
The cockle children,Greg Davies,"Greg Davies states that he had imagined himself as ""one of the cockle children of the Thames"", while looking at Jack Dee’s dirty artwork and listening to Emma Sidi’s ""haunting song"", during studio discussion of the Clean the most profound picture of majestic nature on a dirty thing task.
"
Le Goose,Rosie Jones,"Rosie Jones announces ""Je vous… presente… Le Goose"", at the start of her attempt at the Present ""The Goose"" task.
"
Sometimes spit,Alex Horne,"Alex Horne claims that he has been known to ""Sometimes spit"", when asked by Jason Mantzoukas what cool things he does, during the Do your cool thing backwards task."
An invisible jump rope,Jason Mantzoukas,"Jason Mantzoukas suggests that everyone ""Imagine there’s an invisible jump rope in there"", before footage of Stevie Martin’s strange jumping gait during the Give Alex exactly 100 marbles on a plate and an eggcup full of tepid water task is replayed yet again on the screen, in the studio."
My presumably scrotum,Mathew Baynton,"Mathew Baynton states that ""It was not my intention to upstage Stevie with my, presumably, scrotum"" after watching his own attempt at the Answer the cheese phone task."
Midnight picnic,Greg Davies,"Greg Davies sarcastically says ""I’m so sorry to interrupt the children’s midnight picnic"", when Jason Mantzoukas and Stevie Martin decide to sit on the stage floor to confer over their guesses to the Convince the other team that the following things are the opposite of what they are task."
Maybe we're the monsters,Greg Davies,"Greg Davies suggests that ""Maybe we're the monsters!"" during his end of episode sign-off, referencing Rosie Ramsey’s mistaken belief that the contestants were meant to draw themselves during the Draw the monster task."
It's got to be obsolete,Jason Mantzoukas,"Jason Mantzoukas says ""Oh, whatever it is, it’s got to be obsolete"", while mocking Alex Horne’s choice to study Latin and Greek at Cambridge University, during the Teach the Taskmaster's Assistant a lesson he'll never forget task."
Glass half most,Rosie Ramsey,"Rosie Ramsey says ""Glass half most"" whilst choosing between writing the word 'most' or 'least' during the Eat this yoghurt with the most/least dignity task, presumably trying to convey that she’s making her choice because she’s an optimist."
Science all your life,Mathew Baynton,"Mathew Baynton sings ""science all your life"" as part of his improvised theme tune to the 'Science Today' show, during the Obey the autocue task."
Getaway sticks,Jason Mantzoukas,"Jason Mantzoukas refers to Alex Horne’s legs as ""getaway sticks"" at the start of the Create the most exciting new bodies so that you and Alex become a dynamic duo task."
The clever side?,Greg Davies,"
After Greg Davies describes Jason Mantzoukas’s stalling tactic during the Provide the best drive-through experience task as ""So clever"", and Alex Horne claims that they’ve ""not seen that side of you before"", Jason asks, incredulously, ""The clever side?""."
